texto,Tamanho do texto (caracteres),Execução remota (ms),Execução local (ms)
Sua presença ilumina o ambiente. Sua,36,550,446
Sua presença ilumina o ambiente. Parabéns pelo excelente trabalho! O tempo de resposta foi registrado corretamente. Bom,119,199,952
Parabéns pelo excelente trabalho! A reunião será realizada às 14h no auditório. Ninguém aguenta mais o seu jeito tóxico de agir. Bom dia! Espero,144,209,1048
Você estraga tudo por onde passa. Seu trabalho é uma vergonha. Seu trabalho é uma vergonha. Você é péssimo no que faz. O sistema será atualizado amanhã cedo. Parabéns pelo excelente,181,272,1504
Recebemos seu formulário com sucesso. A reunião será realizada às 14h no auditório. Esse comportamento é completamente inaceitável. Parabéns pelo excelente trabalho! Sua presença ilumina o ambiente. Seu,202,226,1479
Sua presença ilumina o ambiente. Recebemos seu formulário com sucesso. Você é péssimo no que faz. Você é péssimo no que faz. Hoje o céu está parcialmente nublado. Você é péssimo no que faz. O tempo de,200,272,1545
O tempo de resposta foi registrado corretamente. Recebemos seu formulário com sucesso. A gentileza transforma o mundo. Parabéns pelo excelente trabalho! O sistema será atualizado amanhã cedo. O tempo de resposta foi registrado corretamente. Você é incrível. O tempo de resposta foi,281,299,1816
Bom dia! Espero que você tenha uma ótima semana. O sistema será atualizado amanhã cedo. Você é incrível. O sistema será atualizado amanhã cedo. Ninguém aguenta mais o seu jeito tóxico de agir. Você é péssimo no que faz. Bom dia! Espero que você tenha uma ótima semana. Seu trabalho é uma,287,308,2269
Você é incrível. Seu trabalho é uma vergonha. A reunião será realizada às 14h no auditório. O tempo de resposta foi registrado corretamente. Parabéns pelo excelente trabalho! Você é incrível. Seu trabalho é uma vergonha. O sistema será atualizado amanhã cedo. Você estraga tudo por onde passa. Você estraga tudo por onde passa. Você é péssimo no que faz. Você é incrível. Você é péssimo no que faz. Parabéns pelo excelente trabalho!,432,600,2561
Você estraga tudo por onde passa. O tempo de resposta foi registrado corretamente. Você é péssimo no que faz. Hoje o céu está parcialmente nublado. Seu trabalho é uma vergonha. A gentileza transforma o mundo. Recebemos seu formulário com sucesso. Recebemos seu formulário com sucesso. A reunião será realizada às 14h no auditório. A reunião será realizada às 14h no auditório. O sistema será atualizado amanhã cedo. Seu trabalho é uma vergonha. A gentileza transforma o mundo. A reunião será,491,599,3166
A gentileza transforma o mundo. Ninguém aguenta mais o seu jeito tóxico de agir. Sua presença ilumina o ambiente. A gentileza transforma o mundo. Recebemos seu formulário com sucesso. A gentileza transforma o mundo. O tempo de resposta foi registrado corretamente. Recebemos seu formulário com sucesso. A reunião será realizada às 14h no auditório. Você é péssimo no que faz. Recebemos seu formulário com sucesso. Hoje o céu está parcialmente nublado. Você estraga tudo por onde passa. Recebemos seu formulário,510,510,3081
O tempo de resposta foi registrado corretamente. Sua presença ilumina o ambiente. Bom dia! Espero que você tenha uma ótima semana. Hoje o céu está parcialmente nublado. Hoje o céu está parcialmente nublado. Você estraga tudo por onde passa. Você estraga tudo por onde passa. Parabéns pelo excelente trabalho! Recebemos seu formulário com sucesso. A gentileza transforma o mundo. A reunião será realizada às 14h no auditório. A reunião será realizada às 14h no auditório. Você é péssimo no que faz. Bom dia! Espero que você tenha uma ótima semana. Hoje o céu está parcialmente nublado.,584,1884,4242
A reunião será realizada às 14h no auditório. Parabéns pelo excelente trabalho! Sua presença ilumina o ambiente. Você estraga tudo por onde passa. A gentileza transforma o mundo. Ninguém aguenta mais o seu jeito tóxico de agir. Seu trabalho é uma vergonha. Você é péssimo no que faz. Hoje o céu está parcialmente nublado. O tempo de resposta foi registrado corretamente. Você estraga tudo por onde passa. Seu trabalho é uma vergonha. Recebemos seu formulário com sucesso. Você é péssimo no que faz. O sistema será atualizado amanhã cedo. Recebemos seu formulário com sucesso. Você estraga tudo por onde passa.,609,603,4460
Parabéns pelo excelente trabalho! Seu trabalho é uma vergonha. Parabéns pelo excelente trabalho! Você estraga tudo por onde passa. Sua presença ilumina o ambiente. Recebemos seu formulário com sucesso. Parabéns pelo excelente trabalho! Parabéns pelo excelente trabalho! Hoje o céu está parcialmente nublado. Esse comportamento é completamente inaceitável. O tempo de resposta foi registrado corretamente. A reunião será realizada às 14h no auditório. Sua presença ilumina o ambiente. Você é incrível. Sua presença ilumina o ambiente. Esse comportamento é completamente inaceitável. Você é incrível. Você é incrível. A reunião será realizada às 14h no auditório.,661,799,3466
Ninguém aguenta mais o seu jeito tóxico de agir. O sistema será atualizado amanhã cedo. Hoje o céu está parcialmente nublado. Esse comportamento é completamente inaceitável. A reunião será realizada às 14h no auditório. Seu trabalho é uma vergonha. Você é péssimo no que faz. Parabéns pelo excelente trabalho! Hoje o céu está parcialmente nublado. Você é péssimo no que faz. Bom dia! Espero que você tenha uma ótima semana. Seu trabalho é uma vergonha. Parabéns pelo excelente trabalho! O sistema será atualizado amanhã cedo. Você estraga tudo por onde passa. Parabéns pelo excelente trabalho! A gentileza transforma o mundo. A gentileza transforma o mundo. Recebemos seu formulário com,686,809,4086
Você é péssimo no que faz. Ninguém aguenta mais o seu jeito tóxico de agir. A reunião será realizada às 14h no auditório. Parabéns pelo excelente trabalho! O sistema será atualizado amanhã cedo. Sua presença ilumina o ambiente. Parabéns pelo excelente trabalho! Esse comportamento é completamente inaceitável. Parabéns pelo excelente trabalho! Sua presença ilumina o ambiente. Recebemos seu formulário com sucesso. Esse comportamento é completamente inaceitável. Ninguém aguenta mais o seu jeito tóxico de agir. Esse comportamento é completamente inaceitável. O tempo de resposta foi registrado corretamente. Ninguém aguenta mais o seu jeito tóxico de agir. O tempo de resposta foi registrado corretamente. O sistema será atualizado amanhã cedo. Sua presença ilumina o,768,2003,4485
Recebemos seu formulário com sucesso. Bom dia! Espero que você tenha uma ótima semana. Sua presença ilumina o ambiente. O tempo de resposta foi registrado corretamente. A gentileza transforma o mundo. Parabéns pelo excelente trabalho! Hoje o céu está parcialmente nublado. Bom dia! Espero que você tenha uma ótima semana. Você é incrível. Ninguém aguenta mais o seu jeito tóxico de agir. Sua presença ilumina o ambiente. O sistema será atualizado amanhã cedo. Recebemos seu formulário com sucesso. Bom dia! Espero que você tenha uma ótima semana. A reunião será realizada às 14h no auditório. Você é incrível. Hoje o céu está parcialmente nublado. Você é péssimo no que faz. Bom dia! Espero que você tenha uma ótima semana. Esse comportamento é completamente inaceitável. O sistema,781,620,4647
Recebemos seu formulário com sucesso. Bom dia! Espero que você tenha uma ótima semana. O sistema será atualizado amanhã cedo. O sistema será atualizado amanhã cedo. Ninguém aguenta mais o seu jeito tóxico de agir. A gentileza transforma o mundo. Esse comportamento é completamente inaceitável. A gentileza transforma o mundo. Bom dia! Espero que você tenha uma ótima semana. Sua presença ilumina o ambiente. Hoje o céu está parcialmente nublado. O tempo de resposta foi registrado corretamente. Seu trabalho é uma vergonha. O sistema será atualizado amanhã cedo. Ninguém aguenta mais o seu jeito tóxico de agir. Recebemos seu formulário com sucesso. Você estraga tudo por onde passa. Parabéns pelo excelente trabalho! Seu trabalho é uma vergonha. A gentileza transforma o mundo. Hoje o céu está parcialmente nublado. Ninguém aguenta mais o seu jeito tóxico de agir. O sistema,875,757,5205
Sua presença ilumina o ambiente. Esse comportamento é completamente inaceitável. Bom dia! Espero que você tenha uma ótima semana. A reunião será realizada às 14h no auditório. Você estraga tudo por onde passa. Parabéns pelo excelente trabalho! O sistema será atualizado amanhã cedo. A reunião será realizada às 14h no auditório. O sistema será atualizado amanhã cedo. Bom dia! Espero que você tenha uma ótima semana. Sua presença ilumina o ambiente. O sistema será atualizado amanhã cedo. Você é péssimo no que faz. Bom dia! Espero que você tenha uma ótima semana. Você é incrível. Você é incrível. Esse comportamento é completamente inaceitável. Parabéns pelo excelente trabalho! Você é péssimo no que faz. Recebemos seu formulário com sucesso. Seu trabalho é uma vergonha. A reunião será realizada às 14h no auditório. A gentileza transforma o mundo. Bom dia! Espero que você tenha uma,887,713,6071
Você é incrível. Você é incrível. Seu trabalho é uma vergonha. Sua presença ilumina o ambiente. A gentileza transforma o mundo. Ninguém aguenta mais o seu jeito tóxico de agir. O sistema será atualizado amanhã cedo. O tempo de resposta foi registrado corretamente. O sistema será atualizado amanhã cedo. Sua presença ilumina o ambiente. O sistema será atualizado amanhã cedo. Você estraga tudo por onde passa. Esse comportamento é completamente inaceitável. Recebemos seu formulário com sucesso. Esse comportamento é completamente inaceitável. Ninguém aguenta mais o seu jeito tóxico de agir. Sua presença ilumina o ambiente. Parabéns pelo excelente trabalho! Seu trabalho é uma vergonha. Hoje o céu está parcialmente nublado. O sistema será atualizado amanhã cedo. Parabéns pelo excelente trabalho! Ninguém aguenta mais o seu jeito tóxico de agir. Você estraga tudo por onde passa. Você é incrível. Você estraga tudo por onde passa. O sistema será atualizado,959,799,6813
Hoje o céu está parcialmente nublado. Esse comportamento é completamente inaceitável. Esse comportamento é completamente inaceitável. A gentileza transforma o mundo. Você estraga tudo por onde passa. Bom dia! Espero que você tenha uma ótima semana. Bom dia! Espero que você tenha uma ótima semana. O tempo de resposta foi registrado corretamente. Sua presença ilumina o ambiente. Seu trabalho é uma vergonha. A reunião será realizada às 14h no auditório. Você é incrível. O tempo de resposta foi registrado corretamente. Você é incrível. Você é péssimo no que faz. Esse comportamento é completamente inaceitável. Você é incrível. A gentileza transforma o mundo. Você é incrível. Bom dia! Espero que você tenha uma ótima semana. A reunião será realizada às 14h no auditório. Você é péssimo no que faz. A reunião será realizada às 14h no auditório. A gentileza transforma o mundo. Sua presença ilumina o ambiente. Ninguém aguenta mais o seu jeito tóxico de agir. Hoje o céu está,976,826,6467
Hoje o céu está parcialmente nublado. Esse comportamento é completamente inaceitável. Você é péssimo no que faz. Sua presença ilumina o ambiente. Sua presença ilumina o ambiente. Você estraga tudo por onde passa. Ninguém aguenta mais o seu jeito tóxico de agir. Você estraga tudo por onde passa. Recebemos seu formulário com sucesso. A reunião será realizada às 14h no auditório. Bom dia! Espero que você tenha uma ótima semana. Ninguém aguenta mais o seu jeito tóxico de agir. O tempo de resposta foi registrado corretamente. Recebemos seu formulário com sucesso. A gentileza transforma o mundo. Recebemos seu formulário com sucesso. Você estraga tudo por onde passa. O tempo de resposta foi registrado corretamente. Seu trabalho é uma vergonha. Recebemos seu formulário com sucesso. Você é incrível. Seu trabalho é uma vergonha. Recebemos seu formulário com sucesso. Você estraga tudo por onde passa. Parabéns pelo excelente trabalho! Esse comportamento é completamente inaceitável. A reunião será realizada às 14h no auditório. A gentileza transforma o mundo. Sua presença ilumina o ambiente. A reunião será realizada às 14h no auditório. Parabéns pelo excelente trabalho! Parabéns pelo excelente trabalho! Hoje o céu está parcialmente nublado. Parabéns pelo excelente trabalho! Você estraga tudo por onde passa. Você é péssimo no que faz. Você é péssimo no que faz. Sua presença ilumina o ambiente. Parabéns pelo excelente trabalho! O tempo de resposta foi registrado corretamente. O sistema será atualizado amanhã cedo. Sua presença ilumina o ambiente. Você é péssimo no que faz. Hoje o céu está parcialmente nublado. A reunião será realizada às 14h no auditório. Você é péssimo no que faz. A reunião será realizada às 14h no auditório. A gentileza transforma o mundo. O sistema será atualizado amanhã cedo. Parabéns pelo excelente trabalho! Esse comportamento é completamente inaceitável. Bom dia! Espero que você tenha uma ótima semana. Sua presença ilumina o ambiente. Você estraga tudo por onde passa. Bom dia! Espero que você tenha uma ótima semana. Recebemos seu formulário com sucesso. Recebemos seu formulário com sucesso. A gentileza transforma o mundo. Sua presença ilumina o ambiente. Esse comportamento é completamente inaceitável. A gentileza transforma o mundo. Você estraga tudo por onde,2307,1204,8822
O tempo de resposta foi registrado corretamente. A gentileza transforma o mundo. Recebemos seu formulário com sucesso. Você estraga tudo por onde passa. A reunião será realizada às 14h no auditório. Sua presença ilumina o ambiente. A gentileza transforma o mundo. Você estraga tudo por onde passa. A gentileza transforma o mundo. Você é péssimo no que faz. Esse comportamento é completamente inaceitável. Você é péssimo no que faz. A gentileza transforma o mundo. Você é incrível. A reunião será realizada às 14h no auditório. Ninguém aguenta mais o seu jeito tóxico de agir. A reunião será realizada às 14h no auditório. Você é péssimo no que faz. Você é incrível. Esse comportamento é completamente inaceitável. Ninguém aguenta mais o seu jeito tóxico de agir. Recebemos seu formulário com sucesso. Sua presença ilumina o ambiente. Você é péssimo no que faz. Seu trabalho é uma vergonha. Sua presença ilumina o ambiente. Seu trabalho é uma vergonha. O tempo de resposta foi registrado corretamente. Você estraga tudo por onde passa. Hoje o céu está parcialmente nublado. Ninguém aguenta mais o seu jeito tóxico de agir. Você é incrível. Ninguém aguenta mais o seu jeito tóxico de agir. O sistema será atualizado amanhã cedo. Bom dia! Espero que você tenha uma ótima semana. Hoje o céu está parcialmente nublado. Recebemos seu formulário com sucesso. O sistema será atualizado amanhã cedo. Recebemos seu formulário com sucesso. Esse comportamento é completamente inaceitável. O tempo de resposta foi registrado corretamente. Sua presença ilumina o ambiente. Recebemos seu formulário com sucesso. Você estraga tudo por onde passa. Seu trabalho é uma vergonha. O sistema será atualizado amanhã cedo. Esse comportamento é completamente inaceitável. Você é incrível. Parabéns pelo excelente trabalho! A gentileza transforma o mundo. Ninguém aguenta mais o seu jeito tóxico de agir. Recebemos seu formulário com sucesso. Hoje o céu está parcialmente nublado. Você estraga tudo por onde passa. Recebemos seu formulário com sucesso. Você é incrível. Você é incrível. Esse comportamento é completamente inaceitável. Você é incrível. Parabéns pelo excelente trabalho! Você é péssimo no que faz. Seu trabalho é uma vergonha. Você é incrível. Você é incrível. O sistema será atualizado amanhã cedo. Você estraga tudo por onde passa. Bom dia! Espero que você tenha uma,2357,1207,9731
A gentileza transforma o mundo. Esse comportamento é completamente inaceitável. O tempo de resposta foi registrado corretamente. Você estraga tudo por onde passa. A reunião será realizada às 14h no auditório. Bom dia! Espero que você tenha uma ótima semana. Sua presença ilumina o ambiente. Esse comportamento é completamente inaceitável. Você é péssimo no que faz. Você é péssimo no que faz. O tempo de resposta foi registrado corretamente. Recebemos seu formulário com sucesso. Sua presença ilumina o ambiente. A reunião será realizada às 14h no auditório. Você é incrível. Hoje o céu está parcialmente nublado. Você é péssimo no que faz. Esse comportamento é completamente inaceitável. Recebemos seu formulário com sucesso. Parabéns pelo excelente trabalho! Você estraga tudo por onde passa. O tempo de resposta foi registrado corretamente. Hoje o céu está parcialmente nublado. Hoje o céu está parcialmente nublado. Bom dia! Espero que você tenha uma ótima semana. Esse comportamento é completamente inaceitável. Bom dia! Espero que você tenha uma ótima semana. Você é incrível. Recebemos seu formulário com sucesso. Parabéns pelo excelente trabalho! Seu trabalho é uma vergonha. Seu trabalho é uma vergonha. Você estraga tudo por onde passa. Hoje o céu está parcialmente nublado. O tempo de resposta foi registrado corretamente. Bom dia! Espero que você tenha uma ótima semana. Seu trabalho é uma vergonha. Parabéns pelo excelente trabalho! O tempo de resposta foi registrado corretamente. A reunião será realizada às 14h no auditório. Parabéns pelo excelente trabalho! A gentileza transforma o mundo. O tempo de resposta foi registrado corretamente. Sua presença ilumina o ambiente. O sistema será atualizado amanhã cedo. Esse comportamento é completamente inaceitável. Você é péssimo no que faz. Hoje o céu está parcialmente nublado. Parabéns pelo excelente trabalho! O sistema será atualizado amanhã cedo. Bom dia! Espero que você tenha uma ótima semana. Seu trabalho é uma vergonha. Esse comportamento é completamente inaceitável. A gentileza transforma o mundo. Ninguém aguenta mais o seu jeito tóxico de agir. Seu trabalho é uma vergonha. A reunião será realizada às 14h no auditório. Você é incrível. Esse comportamento é completamente inaceitável. Parabéns pelo excelente trabalho! Sua presença ilumina o ambiente. Esse comportamento é completamente inaceitável. Você é incrível. Você estraga tudo por onde passa. Você é incrível. Você é péssimo no que faz. Recebemos seu formulário com sucesso.,2508,1125,9154
Você é péssimo no que faz. Seu trabalho é uma vergonha. Esse comportamento é completamente inaceitável. Bom dia! Espero que você tenha uma ótima semana. O sistema será atualizado amanhã cedo. A reunião será realizada às 14h no auditório. A gentileza transforma o mundo. Você é péssimo no que faz. Você é incrível. Seu trabalho é uma vergonha. Recebemos seu formulário com sucesso. Seu trabalho é uma vergonha. Ninguém aguenta mais o seu jeito tóxico de agir. A gentileza transforma o mundo. A reunião será realizada às 14h no auditório. Bom dia! Espero que você tenha uma ótima semana. Hoje o céu está parcialmente nublado. Hoje o céu está parcialmente nublado. A gentileza transforma o mundo. A reunião será realizada às 14h no auditório. Esse comportamento é completamente inaceitável. A reunião será realizada às 14h no auditório. Parabéns pelo excelente trabalho! O sistema será atualizado amanhã cedo. O tempo de resposta foi registrado corretamente. Bom dia! Espero que você tenha uma ótima semana. Esse comportamento é completamente inaceitável. Bom dia! Espero que você tenha uma ótima semana. Parabéns pelo excelente trabalho! Hoje o céu está parcialmente nublado. Você é péssimo no que faz. Ninguém aguenta mais o seu jeito tóxico de agir. Ninguém aguenta mais o seu jeito tóxico de agir. Esse comportamento é completamente inaceitável. Parabéns pelo excelente trabalho! Parabéns pelo excelente trabalho! Ninguém aguenta mais o seu jeito tóxico de agir. Recebemos seu formulário com sucesso. A reunião será realizada às 14h no auditório. Você é incrível. Você é péssimo no que faz. Ninguém aguenta mais o seu jeito tóxico de agir. Você é péssimo no que faz. Seu trabalho é uma vergonha. Sua presença ilumina o ambiente. Esse comportamento é completamente inaceitável. Seu trabalho é uma vergonha. O tempo de resposta foi registrado corretamente. Esse comportamento é completamente inaceitável. A gentileza transforma o mundo. A reunião será realizada às 14h no auditório. Bom dia! Espero que você tenha uma ótima semana. Parabéns pelo excelente trabalho! Hoje o céu está parcialmente nublado. O sistema será atualizado amanhã cedo. O sistema será atualizado amanhã cedo. Ninguém aguenta mais o seu jeito tóxico de agir. Parabéns pelo excelente trabalho! Você é incrível. Você é incrível. Você estraga tudo por onde passa. O sistema será atualizado amanhã cedo. A gentileza transforma o mundo. Seu trabalho é uma vergonha. Você é péssimo no que faz. Esse comportamento é completamente,2493,1169,9283
Sua presença ilumina o ambiente. Recebemos seu formulário com sucesso. Sua presença ilumina o ambiente. O sistema será atualizado amanhã cedo. Bom dia! Espero que você tenha uma ótima semana. A gentileza transforma o mundo. A gentileza transforma o mundo. Seu trabalho é uma vergonha. O tempo de resposta foi registrado corretamente. Recebemos seu formulário com sucesso. Sua presença ilumina o ambiente. A reunião será realizada às 14h no auditório. Parabéns pelo excelente trabalho! Bom dia! Espero que você tenha uma ótima semana. A reunião será realizada às 14h no auditório. Parabéns pelo excelente trabalho! A reunião será realizada às 14h no auditório. Bom dia! Espero que você tenha uma ótima semana. Você é péssimo no que faz. Ninguém aguenta mais o seu jeito tóxico de agir. Esse comportamento é completamente inaceitável. Ninguém aguenta mais o seu jeito tóxico de agir. Seu trabalho é uma vergonha. Recebemos seu formulário com sucesso. Sua presença ilumina o ambiente. Seu trabalho é uma vergonha. Parabéns pelo excelente trabalho! Ninguém aguenta mais o seu jeito tóxico de agir. Você é incrível. Você é péssimo no que faz. A gentileza transforma o mundo. Parabéns pelo excelente trabalho! Ninguém aguenta mais o seu jeito tóxico de agir. Seu trabalho é uma vergonha. Hoje o céu está parcialmente nublado. Sua presença ilumina o ambiente. A gentileza transforma o mundo. Parabéns pelo excelente trabalho! A gentileza transforma o mundo. Parabéns pelo excelente trabalho! A gentileza transforma o mundo. Hoje o céu está parcialmente nublado. O sistema será atualizado amanhã cedo. O sistema será atualizado amanhã cedo. Você estraga tudo por onde passa. Bom dia! Espero que você tenha uma ótima semana. Você estraga tudo por onde passa. Você é incrível. A reunião será realizada às 14h no auditório. Seu trabalho é uma vergonha. Você estraga tudo por onde passa. Recebemos seu formulário com sucesso. Você é incrível. Você é incrível. Sua presença ilumina o ambiente. O tempo de resposta foi registrado corretamente. Parabéns pelo excelente trabalho! Bom dia! Espero que você tenha uma ótima semana. Parabéns pelo excelente trabalho! A reunião será realizada às 14h no auditório. Seu trabalho é uma vergonha. Seu trabalho é uma vergonha. Hoje o céu está parcialmente nublado. O sistema será atualizado amanhã cedo. Bom dia! Espero que você tenha uma ótima semana. Recebemos seu formulário com sucesso. Você é péssimo no que faz. A gentileza transforma o mundo. Ninguém aguenta mais o seu jeito tóxico de agir. Parabéns pelo,2536,1105,8737
A reunião será realizada às 14h no auditório. Seu trabalho é uma vergonha. O tempo de resposta foi registrado corretamente. Sua presença ilumina o ambiente. Ninguém aguenta mais o seu jeito tóxico de agir. Sua presença ilumina o ambiente. Você é incrível. Seu trabalho é uma vergonha. Sua presença ilumina o ambiente. A reunião será realizada às 14h no auditório. Sua presença ilumina o ambiente. Você estraga tudo por onde passa. Parabéns pelo excelente trabalho! Ninguém aguenta mais o seu jeito tóxico de agir. Você é incrível. Parabéns pelo excelente trabalho! Parabéns pelo excelente trabalho! Sua presença ilumina o ambiente. O sistema será atualizado amanhã cedo. Bom dia! Espero que você tenha uma ótima semana. Bom dia! Espero que você tenha uma ótima semana. Você é incrível. Parabéns pelo excelente trabalho! Seu trabalho é uma vergonha. Esse comportamento é completamente inaceitável. A reunião será realizada às 14h no auditório. Bom dia! Espero que você tenha uma ótima semana. Esse comportamento é completamente inaceitável. Hoje o céu está parcialmente nublado. Você estraga tudo por onde passa. Você estraga tudo por onde passa. A reunião será realizada às 14h no auditório. O sistema será atualizado amanhã cedo. Esse comportamento é completamente inaceitável. Seu trabalho é uma vergonha. Você é péssimo no que faz. O sistema será atualizado amanhã cedo. Parabéns pelo excelente trabalho! Sua presença ilumina o ambiente. Parabéns pelo excelente trabalho! Parabéns pelo excelente trabalho! O tempo de resposta foi registrado corretamente. Você estraga tudo por onde passa. Recebemos seu formulário com sucesso. O tempo de resposta foi registrado corretamente. Sua presença ilumina o ambiente. A gentileza transforma o mundo. Esse comportamento é completamente inaceitável. Ninguém aguenta mais o seu jeito tóxico de agir. Recebemos seu formulário com sucesso. Hoje o céu está parcialmente nublado. Seu trabalho é uma vergonha. Você estraga tudo por onde passa. Você é péssimo no que faz. Bom dia! Espero que você tenha uma ótima semana. Hoje o céu está parcialmente nublado. Sua presença ilumina o ambiente. Você é péssimo no que faz. Esse comportamento é completamente inaceitável. Recebemos seu formulário com sucesso. Recebemos seu formulário com sucesso. Sua presença ilumina o ambiente. A reunião será realizada às 14h no auditório. Sua presença ilumina o ambiente. Você é incrível. Você é péssimo no que faz. Sua presença ilumina o ambiente. Bom dia! Espero que você tenha uma ótima semana. Você é péssimo no que faz. A reunião será realizada às 14h no auditório. O tempo de resposta foi registrado corretamente. Ninguém aguenta mais o seu jeito tóxico de agir. Esse comportamento é completamente inaceitável. Hoje o céu está parcialmente nublado. A reunião será realizada às 14h no auditório. A gentileza transforma o mundo. Seu trabalho é uma vergonha. A reunião será realizada às 14h no auditório. Bom dia! Espero que você tenha uma ótima semana. A gentileza transforma o mundo. Bom dia! Espero que você tenha uma ótima semana. Seu trabalho é uma vergonha. O sistema será atualizado amanhã cedo. Ninguém aguenta mais o seu jeito tóxico de agir. Recebemos seu formulário com sucesso. A gentileza transforma o mundo. Hoje o céu está parcialmente,3271,1308,9104
O sistema será atualizado amanhã cedo. A reunião será realizada às 14h no auditório. Ninguém aguenta mais o seu jeito tóxico de agir. O sistema será atualizado amanhã cedo. A gentileza transforma o mundo. Ninguém aguenta mais o seu jeito tóxico de agir. O sistema será atualizado amanhã cedo. A gentileza transforma o mundo. Você é incrível. Bom dia! Espero que você tenha uma ótima semana. Sua presença ilumina o ambiente. Você é péssimo no que faz. O sistema será atualizado amanhã cedo. Bom dia! Espero que você tenha uma ótima semana. Sua presença ilumina o ambiente. A gentileza transforma o mundo. Sua presença ilumina o ambiente. Você é péssimo no que faz. Ninguém aguenta mais o seu jeito tóxico de agir. Você é incrível. A reunião será realizada às 14h no auditório. Esse comportamento é completamente inaceitável. Recebemos seu formulário com sucesso. Sua presença ilumina o ambiente. A gentileza transforma o mundo. Parabéns pelo excelente trabalho! A gentileza transforma o mundo. Ninguém aguenta mais o seu jeito tóxico de agir. O sistema será atualizado amanhã cedo. O sistema será atualizado amanhã cedo. O sistema será atualizado amanhã cedo. Parabéns pelo excelente trabalho! Você é incrível. Hoje o céu está parcialmente nublado. Seu trabalho é uma vergonha. Sua presença ilumina o ambiente. A gentileza transforma o mundo. A gentileza transforma o mundo. O sistema será atualizado amanhã cedo. Você é incrível. Ninguém aguenta mais o seu jeito tóxico de agir. Hoje o céu está parcialmente nublado. Ninguém aguenta mais o seu jeito tóxico de agir. Você estraga tudo por onde passa. Hoje o céu está parcialmente nublado. Bom dia! Espero que você tenha uma ótima semana. Bom dia! Espero que você tenha uma ótima semana. A gentileza transforma o mundo. Seu trabalho é uma vergonha. Parabéns pelo excelente trabalho! Bom dia! Espero que você tenha uma ótima semana. Parabéns pelo excelente trabalho! O tempo de resposta foi registrado corretamente. Sua presença ilumina o ambiente. A reunião será realizada às 14h no auditório. A reunião será realizada às 14h no auditório. Recebemos seu formulário com sucesso. O sistema será atualizado amanhã cedo. Hoje o céu está parcialmente nublado. A reunião será realizada às 14h no auditório. O sistema será atualizado amanhã cedo. Esse comportamento é completamente inaceitável. Você é incrível. Você estraga tudo por onde passa. A gentileza transforma o mundo. Hoje o céu está parcialmente nublado. Você é péssimo no que faz. Parabéns pelo excelente trabalho! O sistema será atualizado amanhã cedo. Você é incrível. Seu trabalho é uma vergonha. Ninguém aguenta mais o seu jeito tóxico de agir. Hoje o céu está parcialmente nublado. O sistema será atualizado amanhã cedo. A gentileza transforma o mundo. Hoje o céu está parcialmente nublado. Esse comportamento é completamente inaceitável. Sua presença ilumina o ambiente. Você estraga tudo por onde passa. Você estraga tudo por onde passa. Ninguém aguenta mais o seu jeito tóxico de agir. A gentileza transforma o mundo. A gentileza transforma o mundo. Bom dia! Espero que você tenha uma ótima semana. Você é incrível. Seu trabalho é uma vergonha. Bom dia! Espero que você tenha uma ótima semana. O tempo de resposta foi registrado corretamente. Sua presença ilumina o ambiente. Bom dia!,3295,1275,8805
Bom dia! Espero que você tenha uma ótima semana. Seu trabalho é uma vergonha. Hoje o céu está parcialmente nublado. O tempo de resposta foi registrado corretamente. Bom dia! Espero que você tenha uma ótima semana. Sua presença ilumina o ambiente. Hoje o céu está parcialmente nublado. A gentileza transforma o mundo. Ninguém aguenta mais o seu jeito tóxico de agir. Hoje o céu está parcialmente nublado. O sistema será atualizado amanhã cedo. Esse comportamento é completamente inaceitável. A reunião será realizada às 14h no auditório. Ninguém aguenta mais o seu jeito tóxico de agir. Hoje o céu está parcialmente nublado. Seu trabalho é uma vergonha. Parabéns pelo excelente trabalho! O tempo de resposta foi registrado corretamente. Recebemos seu formulário com sucesso. Seu trabalho é uma vergonha. Você é incrível. Você é péssimo no que faz. A gentileza transforma o mundo. Parabéns pelo excelente trabalho! Você é incrível. Você é incrível. Parabéns pelo excelente trabalho! Recebemos seu formulário com sucesso. Você é péssimo no que faz. Você é incrível. Seu trabalho é uma vergonha. Recebemos seu formulário com sucesso. O sistema será atualizado amanhã cedo. Hoje o céu está parcialmente nublado. A gentileza transforma o mundo. Você é incrível. Sua presença ilumina o ambiente. O sistema será atualizado amanhã cedo. Ninguém aguenta mais o seu jeito tóxico de agir. Esse comportamento é completamente inaceitável. Hoje o céu está parcialmente nublado. Seu trabalho é uma vergonha. Recebemos seu formulário com sucesso. Sua presença ilumina o ambiente. O sistema será atualizado amanhã cedo. Hoje o céu está parcialmente nublado. A reunião será realizada às 14h no auditório. Esse comportamento é completamente inaceitável. Recebemos seu formulário com sucesso. Sua presença ilumina o ambiente. A reunião será realizada às 14h no auditório. O sistema será atualizado amanhã cedo. Parabéns pelo excelente trabalho! Esse comportamento é completamente inaceitável. Você é péssimo no que faz. Ninguém aguenta mais o seu jeito tóxico de agir. Você é incrível. A reunião será realizada às 14h no auditório. Você estraga tudo por onde passa. Seu trabalho é uma vergonha. Você é incrível. O sistema será atualizado amanhã cedo. Você estraga tudo por onde passa. Bom dia! Espero que você tenha uma ótima semana. Você é incrível. Seu trabalho é uma vergonha. Bom dia! Espero que você tenha uma ótima semana. Você é incrível. A gentileza transforma o mundo. Seu trabalho é uma vergonha. Seu trabalho é uma vergonha. Recebemos seu formulário com sucesso. A reunião será realizada às 14h no auditório. O sistema será atualizado amanhã cedo. Bom dia! Espero que você tenha uma ótima semana. Hoje o céu está parcialmente nublado. A reunião será realizada às 14h no auditório. Você é péssimo no que faz. Seu trabalho é uma vergonha. O sistema será atualizado amanhã cedo. Parabéns pelo excelente trabalho! Seu trabalho é uma vergonha. O sistema será atualizado amanhã cedo. Ninguém aguenta mais o seu jeito tóxico de agir. Você é péssimo no que faz. Esse comportamento é completamente inaceitável. Você estraga tudo por onde passa. Você estraga tudo por onde passa. Parabéns pelo excelente trabalho! Ninguém aguenta mais o seu jeito tóxico de agir. Esse comportamento é completamente inaceitável.,3290,1190,9270
